Class,ambiguity_type,ambiguity_type_mw,ambiguity_type_oed,different_frame,distance_bert,distance_elmo,same,string,version,word
N,Polysemy,Polysemy,Polysemy,No,0.041544676,0.236713231,TRUE,lamb,M1_a_M1_b,lamb
N,Polysemy,Polysemy,Polysemy,No,0.091305315,0.052619398,FALSE,lamb,M1_a_M2_a,lamb
N,Polysemy,Polysemy,Polysemy,No,0.110114396,0.061512589,FALSE,lamb,M1_a_M2_b,lamb
N,Polysemy,Polysemy,Polysemy,No,0.08867979,0.05507952,FALSE,lamb,M1_b_M2_a,lamb
N,Polysemy,Polysemy,Polysemy,No,0.107629597,0.059822142,FALSE,lamb,M1_b_M2_b,lamb
N,Polysemy,Polysemy,Polysemy,No,0.032332778,0.022594988,TRUE,lamb,M2_a_M2_b,lamb
N,Polysemy,Polysemy,Polysemy,No,0.498813987,0.04464519,TRUE,book,M1_a_M1_b,book
N,Polysemy,Polysemy,Polysemy,No,0.570299804,0.085380137,FALSE,book,M1_a_M2_a,book
N,Polysemy,Polysemy,Polysemy,No,0.269021332,0.070268571,FALSE,book,M1_a_M2_b,book
N,Polysemy,Polysemy,Polysemy,No,0.216969311,0.091368973,FALSE,book,M1_b_M2_a,book
N,Polysemy,Polysemy,Polysemy,No,0.615868211,0.103061438,FALSE,book,M1_b_M2_b,book
N,Polysemy,Polysemy,Polysemy,No,0.516257912,0.095530927,TRUE,book,M2_a_M2_b,book
N,Polysemy,Polysemy,Unsure,No,0.092728674,0.054914415,TRUE,breakfast,M1_a_M1_b,breakfast
N,Polysemy,Polysemy,Unsure,No,0.067232728,0.018507063,FALSE,breakfast,M1_a_M2_a,breakfast
N,Polysemy,Polysemy,Unsure,No,0.121421158,0.046943903,FALSE,breakfast,M1_a_M2_b,breakfast
N,Polysemy,Polysemy,Unsure,No,0.09598124,0.047627091,FALSE,breakfast,M1_b_M2_a,breakfast
N,Polysemy,Polysemy,Unsure,No,0.055151522,0.046446443,FALSE,breakfast,M1_b_M2_b,breakfast
N,Polysemy,Polysemy,Unsure,No,0.090344608,0.033118784,TRUE,breakfast,M2_a_M2_b,breakfast
N,Polysemy,Polysemy,Polysemy,No,0.094624102,0.029318571,TRUE,chicken,M1_a_M1_b,chicken
N,Polysemy,Polysemy,Polysemy,No,0.079601288,0.077332795,FALSE,chicken,M1_a_M2_a,chicken
N,Polysemy,Polysemy,Polysemy,No,0.157398224,0.074458599,FALSE,chicken,M1_a_M2_b,chicken
N,Polysemy,Polysemy,Polysemy,No,0.150800705,0.093166828,FALSE,chicken,M1_b_M2_a,chicken
N,Polysemy,Polysemy,Polysemy,No,0.202583611,0.074374795,FALSE,chicken,M1_b_M2_b,chicken
N,Polysemy,Polysemy,Polysemy,No,0.13973552,0.06022501,TRUE,chicken,M2_a_M2_b,chicken
N,Polysemy,Polysemy,Polysemy,No,0.061455071,0.095460892,TRUE,class,M1_a_M1_b,class
N,Polysemy,Polysemy,Polysemy,No,0.092052758,0.0994699,FALSE,class,M1_a_M2_a,class
N,Polysemy,Polysemy,Polysemy,No,0.078946948,0.072611749,FALSE,class,M1_a_M2_b,class
N,Polysemy,Polysemy,Polysemy,No,0.148044109,0.044291019,FALSE,class,M1_b_M2_a,class
N,Polysemy,Polysemy,Polysemy,No,0.133084118,0.085173726,FALSE,class,M1_b_M2_b,class
N,Polysemy,Polysemy,Polysemy,No,0.053896427,0.063209891,TRUE,class,M2_a_M2_b,class
N,Polysemy,Polysemy,Polysemy,No,0.106847584,0.039962947,TRUE,contribution,M1_a_M1_b,contribution
N,Polysemy,Polysemy,Polysemy,No,0.306300402,0.104732633,FALSE,contribution,M1_a_M2_a,contribution
N,Polysemy,Polysemy,Polysemy,No,0.538500786,0.067570627,FALSE,contribution,M1_a_M2_b,contribution
N,Polysemy,Polysemy,Polysemy,No,0.311554074,0.1101017,FALSE,contribution,M1_b_M2_a,contribution
N,Polysemy,Polysemy,Polysemy,No,0.539172411,0.047388971,FALSE,contribution,M1_b_M2_b,contribution
N,Polysemy,Polysemy,Polysemy,No,0.501315743,0.059290111,TRUE,contribution,M2_a_M2_b,contribution
N,Polysemy,Polysemy,Polysemy,No,0.151654482,0.039994121,TRUE,design,M1_a_M1_b,design
N,Polysemy,Polysemy,Polysemy,No,0.22197926,0.097193956,FALSE,design,M1_a_M2_a,design
N,Polysemy,Polysemy,Polysemy,No,0.185480773,0.062090397,FALSE,design,M1_a_M2_b,design
N,Polysemy,Polysemy,Polysemy,No,0.216541827,0.090237439,FALSE,design,M1_b_M2_a,design
N,Polysemy,Polysemy,Polysemy,No,0.166111648,0.048311472,FALSE,design,M1_b_M2_b,design
N,Polysemy,Polysemy,Polysemy,No,0.144426942,0.093203187,TRUE,design,M2_a_M2_b,design
N,Polysemy,Polysemy,Unsure,No,0.095041096,0.03463757,TRUE,dinner,M1_a_M1_b,dinner
N,Polysemy,Polysemy,Unsure,No,0.122385681,0.069369137,FALSE,dinner,M1_a_M2_a,dinner
N,Polysemy,Polysemy,Unsure,No,0.089506567,0.039854407,FALSE,dinner,M1_a_M2_b,dinner
N,Polysemy,Polysemy,Unsure,No,0.075368047,0.057322264,FALSE,dinner,M1_b_M2_a,dinner
N,Polysemy,Polysemy,Unsure,No,0.128708661,0.041846991,FALSE,dinner,M1_b_M2_b,dinner
N,Polysemy,Polysemy,Unsure,No,0.063754916,0.054771185,TRUE,dinner,M2_a_M2_b,dinner
N,Polysemy,Polysemy,Polysemy,No,0.11092937,0.069384634,TRUE,dream,M1_a_M1_b,dream
N,Polysemy,Polysemy,Polysemy,No,0.103289008,0.066080987,FALSE,dream,M1_a_M2_a,dream
N,Polysemy,Polysemy,Polysemy,No,0.399492979,0.081509531,FALSE,dream,M1_a_M2_b,dream
N,Polysemy,Polysemy,Polysemy,No,0.217616677,0.090056121,FALSE,dream,M1_b_M2_a,dream
N,Polysemy,Polysemy,Polysemy,No,0.470203102,0.074092865,FALSE,dream,M1_b_M2_b,dream
N,Polysemy,Polysemy,Polysemy,No,0.354789078,0.057070136,TRUE,dream,M2_a_M2_b,dream
N,Polysemy,Polysemy,Polysemy,No,0.610408217,0.079852462,TRUE,examination,M1_a_M1_b,examination
N,Polysemy,Polysemy,Polysemy,No,0.602444679,0.081607401,FALSE,examination,M1_a_M2_a,examination
N,Polysemy,Polysemy,Polysemy,No,0.57866478,0.046395063,FALSE,examination,M1_a_M2_b,examination
N,Polysemy,Polysemy,Polysemy,No,0.354614735,0.158068538,FALSE,examination,M1_b_M2_a,examination
N,Polysemy,Polysemy,Polysemy,No,0.239612997,0.069825172,FALSE,examination,M1_b_M2_b,examination
N,Polysemy,Polysemy,Polysemy,No,0.137051105,0.090358555,TRUE,examination,M2_a_M2_b,examination
N,Polysemy,Unsure,Polysemy,No,0.201911449,0.04474318,TRUE,guard,M1_a_M1_b,guard
N,Polysemy,Unsure,Polysemy,No,0.296960831,0.084294081,FALSE,guard,M1_a_M2_a,guard
N,Polysemy,Unsure,Polysemy,No,0.255502522,0.068060756,FALSE,guard,M1_a_M2_b,guard
N,Polysemy,Unsure,Polysemy,No,0.323509276,0.08933562,FALSE,guard,M1_b_M2_a,guard
N,Polysemy,Unsure,Polysemy,No,0.289503992,0.079711378,FALSE,guard,M1_b_M2_b,guard
N,Polysemy,Unsure,Polysemy,No,0.165234149,0.077930093,TRUE,guard,M2_a_M2_b,guard
N,Polysemy,Polysemy,Polysemy,No,0.097551465,0.053443015,TRUE,home,M1_a_M1_b,home
N,Polysemy,Polysemy,Polysemy,No,0.321417093,0.11115998,FALSE,home,M1_a_M2_a,home
N,Polysemy,Polysemy,Polysemy,No,0.294550896,0.111939251,FALSE,home,M1_a_M2_b,home
N,Polysemy,Polysemy,Polysemy,No,0.324015737,0.089763939,FALSE,home,M1_b_M2_a,home
N,Polysemy,Polysemy,Polysemy,No,0.328268707,0.094116032,FALSE,home,M1_b_M2_b,home
N,Polysemy,Polysemy,Polysemy,No,0.190919042,0.052004874,TRUE,home,M2_a_M2_b,home
N,Polysemy,Polysemy,Unsure,No,0.127897918,0.032467186,TRUE,lunch,M1_a_M1_b,lunch
N,Polysemy,Polysemy,Unsure,No,0.073074341,0.053751588,FALSE,lunch,M1_a_M2_a,lunch
N,Polysemy,Polysemy,Unsure,No,0.468395352,0.04511404,FALSE,lunch,M1_a_M2_b,lunch
N,Polysemy,Polysemy,Unsure,No,0.132222176,0.034859002,FALSE,lunch,M1_b_M2_a,lunch
N,Polysemy,Polysemy,Unsure,No,0.470807552,0.033152342,FALSE,lunch,M1_b_M2_b,lunch
N,Polysemy,Polysemy,Unsure,No,0.46317637,0.055760741,TRUE,lunch,M2_a_M2_b,lunch
N,Unsure,Unsure,Unsure,No,0.833962932,0.058471441,TRUE,magazine,M1_a_M1_b,magazine
N,Unsure,Unsure,Unsure,No,0.817345545,0.069821954,FALSE,magazine,M1_a_M2_a,magazine
N,Unsure,Unsure,Unsure,No,0.855424017,0.076050639,FALSE,magazine,M1_a_M2_b,magazine
N,Unsure,Unsure,Unsure,No,0.091227353,0.079368174,FALSE,magazine,M1_b_M2_a,magazine
N,Unsure,Unsure,Unsure,No,0.119686902,0.081181109,FALSE,magazine,M1_b_M2_b,magazine
N,Unsure,Unsure,Unsure,No,0.122601092,0.073401392,TRUE,magazine,M2_a_M2_b,magazine
N,Polysemy,Polysemy,Polysemy,No,0.135519445,0.045588255,TRUE,medicine,M1_a_M1_b,medicine
N,Polysemy,Polysemy,Polysemy,No,0.246646047,0.076702595,FALSE,medicine,M1_a_M2_a,medicine
N,Polysemy,Polysemy,Polysemy,No,0.290193081,0.069652915,FALSE,medicine,M1_a_M2_b,medicine
N,Polysemy,Polysemy,Polysemy,No,0.252791405,0.073477268,FALSE,medicine,M1_b_M2_a,medicine
N,Polysemy,Polysemy,Polysemy,No,0.270864844,0.065626502,FALSE,medicine,M1_b_M2_b,medicine
N,Polysemy,Polysemy,Polysemy,No,0.184719861,0.040844679,TRUE,medicine,M2_a_M2_b,medicine
N,Polysemy,Polysemy,Polysemy,No,0.093497396,0.052448511,TRUE,message,M1_a_M1_b,message
N,Polysemy,Polysemy,Polysemy,No,0.155624568,0.098115146,FALSE,message,M1_a_M2_a,message
N,Polysemy,Polysemy,Polysemy,No,0.307215214,0.135635555,FALSE,message,M1_a_M2_b,message
N,Polysemy,Polysemy,Polysemy,No,0.132769883,0.115331888,FALSE,message,M1_b_M2_a,message
N,Polysemy,Polysemy,Polysemy,No,0.257606506,0.148432255,FALSE,message,M1_b_M2_b,message
N,Polysemy,Polysemy,Polysemy,No,0.172176361,0.040417314,TRUE,message,M2_a_M2_b,message
N,Polysemy,Polysemy,Polysemy,No,0.11405164,0.041685343,TRUE,newspaper,M1_a_M1_b,newspaper
N,Polysemy,Polysemy,Polysemy,No,0.234838784,0.085758209,FALSE,newspaper,M1_a_M2_a,newspaper
N,Polysemy,Polysemy,Polysemy,No,0.256969929,0.093657017,FALSE,newspaper,M1_a_M2_b,newspaper
N,Polysemy,Polysemy,Polysemy,No,0.152527511,0.073273778,FALSE,newspaper,M1_b_M2_a,newspaper
N,Polysemy,Polysemy,Polysemy,No,0.257240891,0.085551262,FALSE,newspaper,M1_b_M2_b,newspaper
N,Polysemy,Polysemy,Polysemy,No,0.079730213,0.033593297,TRUE,newspaper,M2_a_M2_b,newspaper
N,Unsure,Unsure,Unsure,No,0.520425618,0.049228907,TRUE,novel,M1_a_M1_b,novel
N,Unsure,Unsure,Unsure,No,0.590929866,0.069774508,FALSE,novel,M1_a_M2_a,novel
N,Unsure,Unsure,Unsure,No,0.509263128,0.03368181,FALSE,novel,M1_a_M2_b,novel
N,Unsure,Unsure,Unsure,No,0.213679194,0.087370038,FALSE,novel,M1_b_M2_a,novel
N,Unsure,Unsure,Unsure,No,0.156097114,0.064314842,FALSE,novel,M1_b_M2_b,novel
N,Unsure,Unsure,Unsure,No,0.117291391,0.085289061,TRUE,novel,M2_a_M2_b,novel
N,Unsure,Unsure,Unsure,No,0.112933874,0.066393197,TRUE,oil,M1_a_M1_b,oil
N,Unsure,Unsure,Unsure,No,0.156694591,0.124275029,FALSE,oil,M1_a_M2_a,oil
N,Unsure,Unsure,Unsure,No,0.138741732,0.086194575,FALSE,oil,M1_a_M2_b,oil
N,Unsure,Unsure,Unsure,No,0.160930216,0.108998418,FALSE,oil,M1_b_M2_a,oil
N,Unsure,Unsure,Unsure,No,0.118483126,0.082804561,FALSE,oil,M1_b_M2_b,oil
N,Unsure,Unsure,Unsure,No,0.185041845,0.075387359,TRUE,oil,M2_a_M2_b,oil
N,Polysemy,Polysemy,Polysemy,No,0.167989969,0.041440308,TRUE,act,M1_a_M1_b,act
N,Polysemy,Polysemy,Polysemy,No,0.204110265,0.034093499,FALSE,act,M1_a_M2_a,act
N,Polysemy,Polysemy,Polysemy,No,0.215615511,0.045926571,FALSE,act,M1_a_M2_b,act
N,Polysemy,Polysemy,Polysemy,No,0.191488087,0.042350948,FALSE,act,M1_b_M2_a,act
N,Polysemy,Polysemy,Polysemy,No,0.225271583,0.05770725,FALSE,act,M1_b_M2_b,act
N,Polysemy,Polysemy,Polysemy,No,0.162387192,0.035784066,TRUE,act,M2_a_M2_b,act
N,Polysemy,Polysemy,Polysemy,No,0.129758179,0.037254393,TRUE,atmosphere,M1_a_M1_b,atmosphere
N,Polysemy,Polysemy,Polysemy,No,0.352736831,0.102721155,FALSE,atmosphere,M1_a_M2_a,atmosphere
N,Polysemy,Polysemy,Polysemy,No,0.256296635,0.068193078,FALSE,atmosphere,M1_a_M2_b,atmosphere
N,Polysemy,Polysemy,Polysemy,No,0.252422631,0.092967808,FALSE,atmosphere,M1_b_M2_a,atmosphere
N,Polysemy,Polysemy,Polysemy,No,0.126936376,0.052345157,FALSE,atmosphere,M1_b_M2_b,atmosphere
N,Polysemy,Polysemy,Polysemy,No,0.199588358,0.037874043,TRUE,atmosphere,M2_a_M2_b,atmosphere
N,Polysemy,Polysemy,Polysemy,No,0.11560303,0.063831151,TRUE,barrier,M1_a_M1_b,barrier
N,Polysemy,Polysemy,Polysemy,No,0.270082295,0.092094541,FALSE,barrier,M1_a_M2_a,barrier
N,Polysemy,Polysemy,Polysemy,No,0.224227011,0.076318026,FALSE,barrier,M1_a_M2_b,barrier
N,Polysemy,Polysemy,Polysemy,No,0.247155786,0.07921809,FALSE,barrier,M1_b_M2_a,barrier
N,Polysemy,Polysemy,Polysemy,No,0.197422087,0.060512066,FALSE,barrier,M1_b_M2_b,barrier
N,Polysemy,Polysemy,Polysemy,No,0.136045516,0.056087494,TRUE,barrier,M2_a_M2_b,barrier
N,Polysemy,Polysemy,Polysemy,No,0.14106673,0.063059807,TRUE,beam,M1_a_M1_b,beam
N,Polysemy,Polysemy,Polysemy,No,0.312720001,0.051152468,FALSE,beam,M1_a_M2_a,beam
N,Polysemy,Polysemy,Polysemy,No,0.334815323,0.102861106,FALSE,beam,M1_a_M2_b,beam
N,Polysemy,Polysemy,Polysemy,No,0.237403274,0.073608041,FALSE,beam,M1_b_M2_a,beam
N,Polysemy,Polysemy,Polysemy,No,0.323186874,0.126451135,FALSE,beam,M1_b_M2_b,beam
N,Polysemy,Polysemy,Polysemy,No,0.259652674,0.094416857,TRUE,beam,M2_a_M2_b,beam
N,Polysemy,Polysemy,Polysemy,No,0.238283217,0.115974247,TRUE,blood,M1_a_M1_b,blood
N,Polysemy,Polysemy,Polysemy,No,0.421955585,0.150418937,FALSE,blood,M1_a_M2_a,blood
N,Polysemy,Polysemy,Polysemy,No,0.407098174,0.148918033,FALSE,blood,M1_a_M2_b,blood
N,Polysemy,Polysemy,Polysemy,No,0.315900445,0.075837672,FALSE,blood,M1_b_M2_a,blood
N,Polysemy,Polysemy,Polysemy,No,0.343109667,0.086559355,FALSE,blood,M1_b_M2_b,blood
N,Polysemy,Polysemy,Polysemy,No,0.078508019,0.045944512,TRUE,blood,M2_a_M2_b,blood
N,Homonymy,Homonymy,Homonymy,No,0.209219635,0.053949893,TRUE,case,M1_a_M1_b,case
N,Homonymy,Homonymy,Homonymy,No,0.45721215,0.069611669,FALSE,case,M1_a_M2_a,case
N,Homonymy,Homonymy,Homonymy,No,0.469730914,0.093788862,FALSE,case,M1_a_M2_b,case
N,Homonymy,Homonymy,Homonymy,No,0.49239856,0.092166007,FALSE,case,M1_b_M2_a,case
N,Homonymy,Homonymy,Homonymy,No,0.471332073,0.091340482,FALSE,case,M1_b_M2_b,case
N,Homonymy,Homonymy,Homonymy,No,0.138578296,0.065858305,TRUE,case,M2_a_M2_b,case
N,Polysemy,Polysemy,Polysemy,No,0.155668616,0.081602454,TRUE,cause,M1_a_M1_b,cause
N,Polysemy,Polysemy,Polysemy,No,0.331558168,0.123266876,FALSE,cause,M1_a_M2_a,cause
N,Polysemy,Polysemy,Polysemy,No,0.408631563,0.12228179,FALSE,cause,M1_a_M2_b,cause
N,Polysemy,Polysemy,Polysemy,No,0.297854483,0.101985812,FALSE,cause,M1_b_M2_a,cause
N,Polysemy,Polysemy,Polysemy,No,0.401752174,0.095640481,FALSE,cause,M1_b_M2_b,cause
N,Polysemy,Polysemy,Polysemy,No,0.063994706,0.017945051,TRUE,cause,M2_a_M2_b,cause
N,Polysemy,Unsure,Polysemy,Yes,0.150759399,0.040055096,TRUE,cone,M1_a_M1_b,cone
N,Polysemy,Unsure,Polysemy,Yes,0.178199053,0.050908267,FALSE,cone,M1_a_M2_a,cone
N,Polysemy,Unsure,Polysemy,Yes,0.320831299,0.069322228,FALSE,cone,M1_a_M2_b,cone
N,Polysemy,Unsure,Polysemy,Yes,0.162242949,0.041739285,FALSE,cone,M1_b_M2_a,cone
N,Polysemy,Unsure,Polysemy,Yes,0.252052665,0.065718114,FALSE,cone,M1_b_M2_b,cone
N,Polysemy,Unsure,Polysemy,Yes,0.228395164,0.0677495,TRUE,cone,M2_a_M2_b,cone
N,Polysemy,Polysemy,Polysemy,Yes,0.148115993,0.059191465,TRUE,film,M1_a_M1_b,film
N,Polysemy,Polysemy,Polysemy,Yes,0.494718134,0.061695457,FALSE,film,M1_a_M2_a,film
N,Polysemy,Polysemy,Polysemy,Yes,0.486100733,0.123729765,FALSE,film,M1_a_M2_b,film
N,Polysemy,Polysemy,Polysemy,Yes,0.440122902,0.045653105,FALSE,film,M1_b_M2_a,film
N,Polysemy,Polysemy,Polysemy,Yes,0.447441041,0.128340244,FALSE,film,M1_b_M2_b,film
N,Polysemy,Polysemy,Polysemy,Yes,0.065887511,0.102606654,TRUE,film,M2_a_M2_b,film
N,Polysemy,Polysemy,Polysemy,No,0.268796027,0.078346133,TRUE,ground,M1_a_M1_b,ground
N,Polysemy,Polysemy,Polysemy,No,0.308426082,0.066148043,FALSE,ground,M1_a_M2_a,ground
N,Polysemy,Polysemy,Polysemy,No,0.33117944,0.072730541,FALSE,ground,M1_a_M2_b,ground
N,Polysemy,Polysemy,Polysemy,No,0.238362193,0.047380745,FALSE,ground,M1_b_M2_a,ground
N,Polysemy,Polysemy,Polysemy,No,0.350116193,0.06280309,FALSE,ground,M1_b_M2_b,ground
N,Polysemy,Polysemy,Polysemy,No,0.222591102,0.027148664,TRUE,ground,M2_a_M2_b,ground
N,Polysemy,Unsure,Polysemy,Yes,0.24040103,0.065190911,TRUE,guide,M1_a_M1_b,guide
N,Polysemy,Unsure,Polysemy,Yes,0.165287137,0.071446717,FALSE,guide,M1_a_M2_a,guide
N,Polysemy,Unsure,Polysemy,Yes,0.215485573,0.077599823,FALSE,guide,M1_a_M2_b,guide
N,Polysemy,Unsure,Polysemy,Yes,0.275434554,0.073995888,FALSE,guide,M1_b_M2_a,guide
N,Polysemy,Unsure,Polysemy,Yes,0.31368345,0.076377749,FALSE,guide,M1_b_M2_b,guide
N,Polysemy,Unsure,Polysemy,Yes,0.087630928,0.029138327,TRUE,guide,M2_a_M2_b,guide
N,Polysemy,Polysemy,Polysemy,No,0.052037835,0.049465179,TRUE,intelligence,M1_a_M1_b,intelligence
N,Polysemy,Polysemy,Polysemy,No,0.364275575,0.15520227,FALSE,intelligence,M1_a_M2_a,intelligence
N,Polysemy,Polysemy,Polysemy,No,0.334796607,0.092460513,FALSE,intelligence,M1_a_M2_b,intelligence
N,Polysemy,Polysemy,Polysemy,No,0.356527925,0.215245664,FALSE,intelligence,M1_b_M2_a,intelligence
N,Polysemy,Polysemy,Polysemy,No,0.343083978,0.154103637,FALSE,intelligence,M1_b_M2_b,intelligence
N,Polysemy,Polysemy,Polysemy,No,0.075024784,0.121954203,TRUE,intelligence,M2_a_M2_b,intelligence
N,Polysemy,Polysemy,Polysemy,No,0.097855568,0.052541792,TRUE,market,M1_a_M1_b,market
N,Polysemy,Polysemy,Polysemy,No,0.20639205,0.126381278,FALSE,market,M1_a_M2_a,market
N,Polysemy,Polysemy,Polysemy,No,0.310365856,0.132387996,FALSE,market,M1_a_M2_b,market
N,Polysemy,Polysemy,Polysemy,No,0.179006577,0.119191766,FALSE,market,M1_b_M2_a,market
N,Polysemy,Polysemy,Polysemy,No,0.278942943,0.124048412,FALSE,market,M1_b_M2_b,market
N,Polysemy,Polysemy,Polysemy,No,0.230547428,0.082978725,TRUE,market,M2_a_M2_b,market
N,Polysemy,Polysemy,Polysemy,No,0.083839953,0.051941872,TRUE,orange,M1_a_M1_b,orange
N,Polysemy,Polysemy,Polysemy,No,0.307211459,0.065273941,FALSE,orange,M1_a_M2_a,orange
N,Polysemy,Polysemy,Polysemy,No,0.273911238,0.052660882,FALSE,orange,M1_a_M2_b,orange
N,Polysemy,Polysemy,Polysemy,No,0.236619532,0.085292876,FALSE,orange,M1_b_M2_a,orange
N,Polysemy,Polysemy,Polysemy,No,0.226773024,0.090670049,FALSE,orange,M1_b_M2_b,orange
N,Polysemy,Polysemy,Polysemy,No,0.122556508,0.056215107,TRUE,orange,M2_a_M2_b,orange
N,Polysemy,Polysemy,Polysemy,No,0.094648838,0.045653522,TRUE,position,M1_a_M1_b,position
N,Polysemy,Polysemy,Polysemy,No,0.472413003,0.116409481,FALSE,position,M1_a_M2_a,position
N,Polysemy,Polysemy,Polysemy,No,0.377835095,0.123289764,FALSE,position,M1_a_M2_b,position
N,Polysemy,Polysemy,Polysemy,No,0.421254575,0.099252403,FALSE,position,M1_b_M2_a,position
N,Polysemy,Polysemy,Polysemy,No,0.326377571,0.100645661,FALSE,position,M1_b_M2_b,position
N,Polysemy,Polysemy,Polysemy,No,0.231586754,0.059286058,TRUE,position,M2_a_M2_b,position
N,Polysemy,Polysemy,Polysemy,No,0.564268559,0.083350897,TRUE,scene,M1_a_M1_b,scene
N,Polysemy,Polysemy,Polysemy,No,0.314999282,0.075829029,FALSE,scene,M1_a_M2_a,scene
N,Polysemy,Polysemy,Polysemy,No,0.218982518,0.05799669,FALSE,scene,M1_a_M2_b,scene
N,Polysemy,Polysemy,Polysemy,No,0.546362102,0.057291746,FALSE,scene,M1_b_M2_a,scene
N,Polysemy,Polysemy,Polysemy,No,0.569117695,0.050116241,FALSE,scene,M1_b_M2_b,scene
N,Polysemy,Polysemy,Polysemy,No,0.21104008,0.056977987,TRUE,scene,M2_a_M2_b,scene
N,Polysemy,Polysemy,Polysemy,No,0.172729552,0.077611864,TRUE,term,M1_a_M1_b,term
N,Polysemy,Polysemy,Polysemy,No,0.377250016,0.096574903,FALSE,term,M1_a_M2_a,term
N,Polysemy,Polysemy,Polysemy,No,0.417370081,0.087095797,FALSE,term,M1_a_M2_b,term
N,Polysemy,Polysemy,Polysemy,No,0.25068289,0.109428346,FALSE,term,M1_b_M2_a,term
N,Polysemy,Polysemy,Polysemy,No,0.273746848,0.098052561,FALSE,term,M1_b_M2_b,term
N,Polysemy,Polysemy,Polysemy,No,0.086290538,0.052590013,TRUE,term,M2_a_M2_b,term
N,Polysemy,Polysemy,Polysemy,No,0.129740179,0.019377232,TRUE,title,M1_a_M1_b,title
N,Polysemy,Polysemy,Polysemy,No,0.239683568,0.054930091,FALSE,title,M1_a_M2_a,title
N,Polysemy,Polysemy,Polysemy,No,0.341364086,0.112736285,FALSE,title,M1_a_M2_b,title
N,Polysemy,Polysemy,Polysemy,No,0.325790405,0.067600965,FALSE,title,M1_b_M2_a,title
N,Polysemy,Polysemy,Polysemy,No,0.391970217,0.119180441,FALSE,title,M1_b_M2_b,title
N,Polysemy,Polysemy,Polysemy,No,0.093400538,0.063942671,TRUE,title,M2_a_M2_b,title
N,Polysemy,Polysemy,Polysemy,Yes,0.120313466,0.045355678,TRUE,appeal,M1_a_M1_b,appeal
N,Polysemy,Polysemy,Polysemy,Yes,0.370739162,0.108166337,FALSE,appeal,M1_a_M2_a,appeal
N,Polysemy,Polysemy,Polysemy,Yes,0.430851221,0.150558531,FALSE,appeal,M1_a_M2_b,appeal
N,Polysemy,Polysemy,Polysemy,Yes,0.398581862,0.13264215,FALSE,appeal,M1_b_M2_a,appeal
N,Polysemy,Polysemy,Polysemy,Yes,0.4461236,0.182452857,FALSE,appeal,M1_b_M2_b,appeal
N,Polysemy,Polysemy,Polysemy,Yes,0.098901391,0.060672343,TRUE,appeal,M2_a_M2_b,appeal
N,Polysemy,Polysemy,Polysemy,No,0.149741769,0.077775836,TRUE,block,M1_a_M1_b,block
N,Polysemy,Polysemy,Polysemy,No,0.344962478,0.126269341,FALSE,block,M1_a_M2_a,block
N,Polysemy,Polysemy,Polysemy,No,0.74992314,0.089277864,FALSE,block,M1_a_M2_b,block
N,Polysemy,Polysemy,Polysemy,No,0.424544752,0.171375155,FALSE,block,M1_b_M2_a,block
N,Polysemy,Polysemy,Polysemy,No,0.747714102,0.135741949,FALSE,block,M1_b_M2_b,block
N,Polysemy,Polysemy,Polysemy,No,0.681398749,0.116603911,TRUE,block,M2_a_M2_b,block
N,Polysemy,Polysemy,Polysemy,No,0.18104279,0.074928045,TRUE,board,M1_a_M1_b,board
N,Polysemy,Polysemy,Polysemy,No,0.376005471,0.122809231,FALSE,board,M1_a_M2_a,board
N,Polysemy,Polysemy,Polysemy,No,0.306866348,0.126246154,FALSE,board,M1_a_M2_b,board
N,Polysemy,Polysemy,Polysemy,No,0.420134366,0.10416615,FALSE,board,M1_b_M2_a,board
N,Polysemy,Polysemy,Polysemy,No,0.322381914,0.12045747,FALSE,board,M1_b_M2_b,board
N,Polysemy,Polysemy,Polysemy,No,0.236396194,0.067143738,TRUE,board,M2_a_M2_b,board
N,Polysemy,Polysemy,Polysemy,No,0.062950611,0.057939589,TRUE,charm,M1_a_M1_b,charm
N,Polysemy,Polysemy,Polysemy,No,0.240996659,0.110680997,FALSE,charm,M1_a_M2_a,charm
N,Polysemy,Polysemy,Polysemy,No,0.661765426,0.036620796,FALSE,charm,M1_a_M2_b,charm
N,Polysemy,Polysemy,Polysemy,No,0.244825065,0.154701471,FALSE,charm,M1_b_M2_a,charm
N,Polysemy,Polysemy,Polysemy,No,0.672413886,0.098940611,FALSE,charm,M1_b_M2_b,charm
N,Polysemy,Polysemy,Polysemy,No,0.616652161,0.07942915,TRUE,charm,M2_a_M2_b,charm
N,Polysemy,Polysemy,Polysemy,Yes,0.057332754,0.028746963,TRUE,cold,M1_a_M1_b,cold
N,Polysemy,Polysemy,Polysemy,Yes,0.15583688,0.110119402,FALSE,cold,M1_a_M2_a,cold
N,Polysemy,Polysemy,Polysemy,Yes,0.177187324,0.100174546,FALSE,cold,M1_a_M2_b,cold
N,Polysemy,Polysemy,Polysemy,Yes,0.184639931,0.117933095,FALSE,cold,M1_b_M2_a,cold
N,Polysemy,Polysemy,Polysemy,Yes,0.152515173,0.114774644,FALSE,cold,M1_b_M2_b,cold
N,Polysemy,Polysemy,Polysemy,Yes,0.175595999,0.09282434,TRUE,cold,M2_a_M2_b,cold
N,Polysemy,Polysemy,Polysemy,No,0.105692744,0.033031523,TRUE,column,M1_a_M1_b,column
N,Polysemy,Polysemy,Polysemy,No,0.453143775,0.090889096,FALSE,column,M1_a_M2_a,column
N,Polysemy,Polysemy,Polysemy,No,0.467917681,0.12032944,FALSE,column,M1_a_M2_b,column
N,Polysemy,Polysemy,Polysemy,No,0.427443981,0.078556299,FALSE,column,M1_b_M2_a,column
N,Polysemy,Polysemy,Polysemy,No,0.444061756,0.109047771,FALSE,column,M1_b_M2_b,column
N,Polysemy,Polysemy,Polysemy,No,0.101493776,0.033631325,TRUE,column,M2_a_M2_b,column
N,Polysemy,Polysemy,Polysemy,No,0.169793963,0.102344513,TRUE,company,M1_a_M1_b,company
N,Polysemy,Polysemy,Polysemy,No,0.488830864,0.145881116,FALSE,company,M1_a_M2_a,company
N,Polysemy,Polysemy,Polysemy,No,0.481504261,0.141207337,FALSE,company,M1_a_M2_b,company
N,Polysemy,Polysemy,Polysemy,No,0.46819371,0.212740541,FALSE,company,M1_b_M2_a,company
N,Polysemy,Polysemy,Polysemy,No,0.461689591,0.205292463,FALSE,company,M1_b_M2_b,company
N,Polysemy,Polysemy,Polysemy,No,0.057559729,0.049681246,TRUE,company,M2_a_M2_b,company
N,Polysemy,Polysemy,Polysemy,No,0.595319211,0.053492665,TRUE,course,M1_a_M1_b,course
N,Polysemy,Polysemy,Polysemy,No,0.352136493,0.064659238,FALSE,course,M1_a_M2_a,course
N,Polysemy,Polysemy,Polysemy,No,0.476619899,0.099086463,FALSE,course,M1_a_M2_b,course
N,Polysemy,Polysemy,Polysemy,No,0.654132903,0.061700404,FALSE,course,M1_b_M2_a,course
N,Polysemy,Polysemy,Polysemy,No,0.667362005,0.068087399,FALSE,course,M1_b_M2_b,course
N,Polysemy,Polysemy,Polysemy,No,0.28404367,0.085401952,TRUE,course,M2_a_M2_b,course
N,Polysemy,Polysemy,Polysemy,Yes,0.233226001,0.079917014,TRUE,date,M1_a_M1_b,date
N,Polysemy,Polysemy,Polysemy,Yes,0.350375831,0.095204234,FALSE,date,M1_a_M2_a,date
N,Polysemy,Polysemy,Polysemy,Yes,0.52690661,0.100363076,FALSE,date,M1_a_M2_b,date
N,Polysemy,Polysemy,Polysemy,Yes,0.402957261,0.083028615,FALSE,date,M1_b_M2_a,date
N,Polysemy,Polysemy,Polysemy,Yes,0.53855145,0.06692189,FALSE,date,M1_b_M2_b,date
N,Polysemy,Polysemy,Polysemy,Yes,0.421628237,0.076293349,TRUE,date,M2_a_M2_b,date
N,Polysemy,Polysemy,Polysemy,No,0.012964308,0.004413784,TRUE,degrees,M1_a_M1_b,degree
N,Polysemy,Polysemy,Polysemy,No,0.530085713,0.169271886,FALSE,degrees,M1_a_M2_a,degree
N,Polysemy,Polysemy,Polysemy,No,0.548691094,0.175453067,FALSE,degrees,M1_a_M2_b,degree
N,Polysemy,Polysemy,Polysemy,No,0.527711362,0.18201381,FALSE,degrees,M1_b_M2_a,degree
N,Polysemy,Polysemy,Polysemy,No,0.541428059,0.189542115,FALSE,degrees,M1_b_M2_b,degree
N,Polysemy,Polysemy,Polysemy,No,0.107942104,0.038037837,TRUE,degrees,M2_a_M2_b,degree
N,Polysemy,Polysemy,Polysemy,Yes,0.13188982,0.057687521,TRUE,foundation,M1_a_M1_b,foundation
N,Polysemy,Polysemy,Polysemy,Yes,0.405302763,0.151539564,FALSE,foundation,M1_a_M2_a,foundation
N,Polysemy,Polysemy,Polysemy,Yes,0.387109995,0.119116426,FALSE,foundation,M1_a_M2_b,foundation
N,Polysemy,Polysemy,Polysemy,Yes,0.37853992,0.115469217,FALSE,foundation,M1_b_M2_a,foundation
N,Polysemy,Polysemy,Polysemy,Yes,0.369950593,0.081631422,FALSE,foundation,M1_b_M2_b,foundation
N,Polysemy,Polysemy,Polysemy,Yes,0.068252504,0.048521876,TRUE,foundation,M2_a_M2_b,foundation
N,Polysemy,Polysemy,Polysemy,No,0.164885163,0.041750014,TRUE,function,M1_a_M1_b,function
N,Polysemy,Polysemy,Polysemy,No,0.305757463,0.082315564,FALSE,function,M1_a_M2_a,function
N,Polysemy,Polysemy,Polysemy,No,0.270422041,0.082114339,FALSE,function,M1_a_M2_b,function
N,Polysemy,Polysemy,Polysemy,No,0.477748871,0.093588471,FALSE,function,M1_b_M2_a,function
N,Polysemy,Polysemy,Polysemy,No,0.463516176,0.093616426,FALSE,function,M1_b_M2_b,function
N,Polysemy,Polysemy,Polysemy,No,0.084936082,0.051722288,TRUE,function,M2_a_M2_b,function
N,Polysemy,Polysemy,Unsure,No,0.088626802,0.034658849,TRUE,issue,M1_a_M1_b,issue
N,Polysemy,Polysemy,Unsure,No,0.488652408,0.088909268,FALSE,issue,M1_a_M2_a,issue
N,Polysemy,Polysemy,Unsure,No,0.307942808,0.068591475,FALSE,issue,M1_a_M2_b,issue
N,Polysemy,Polysemy,Unsure,No,0.460301161,0.080926478,FALSE,issue,M1_b_M2_a,issue
N,Polysemy,Polysemy,Unsure,No,0.342561364,0.074750662,FALSE,issue,M1_b_M2_b,issue
N,Polysemy,Polysemy,Unsure,No,0.26971966,0.067211151,TRUE,issue,M2_a_M2_b,issue
N,Polysemy,Polysemy,Polysemy,No,0.059563339,0.068055868,TRUE,key,M1_a_M1_b,key
N,Polysemy,Polysemy,Polysemy,No,0.084568501,0.069850564,FALSE,key,M1_a_M2_a,key
N,Polysemy,Polysemy,Polysemy,No,0.138863146,0.048993409,FALSE,key,M1_a_M2_b,key
N,Polysemy,Polysemy,Polysemy,No,0.100652397,0.116315901,FALSE,key,M1_b_M2_a,key
N,Polysemy,Polysemy,Polysemy,No,0.185944676,0.07235074,FALSE,key,M1_b_M2_b,key
N,Polysemy,Polysemy,Polysemy,No,0.115159452,0.070094943,TRUE,key,M2_a_M2_b,key
N,Polysemy,Polysemy,Polysemy,No,0.108740687,0.034734726,TRUE,movement,M1_a_M1_b,movement
N,Polysemy,Polysemy,Polysemy,No,0.418435395,0.12679708,FALSE,movement,M1_a_M2_a,movement
N,Polysemy,Polysemy,Polysemy,No,0.619402647,0.100257814,FALSE,movement,M1_a_M2_b,movement
N,Polysemy,Polysemy,Polysemy,No,0.419799209,0.159288824,FALSE,movement,M1_b_M2_a,movement
N,Polysemy,Polysemy,Polysemy,No,0.664320558,0.112012863,FALSE,movement,M1_b_M2_b,movement
N,Polysemy,Polysemy,Polysemy,No,0.518557727,0.067665219,TRUE,movement,M2_a_M2_b,movement
N,Polysemy,Polysemy,Polysemy,No,0.077652931,0.066153884,TRUE,panel,M1_a_M1_b,panel
N,Polysemy,Polysemy,Polysemy,No,0.337162554,0.105567575,FALSE,panel,M1_a_M2_a,panel
N,Polysemy,Polysemy,Polysemy,No,0.230144858,0.096629083,FALSE,panel,M1_a_M2_b,panel
N,Polysemy,Polysemy,Polysemy,No,0.372277975,0.117012918,FALSE,panel,M1_b_M2_a,panel
N,Polysemy,Polysemy,Polysemy,No,0.205780923,0.096011698,FALSE,panel,M1_b_M2_b,panel
N,Polysemy,Polysemy,Polysemy,No,0.307659984,0.109875023,TRUE,panel,M2_a_M2_b,panel
N,Polysemy,Polysemy,Polysemy,No,0.096275568,0.074709654,TRUE,passage,M1_a_M1_b,passage
N,Polysemy,Polysemy,Polysemy,No,0.351558268,0.07680124,FALSE,passage,M1_a_M2_a,passage
N,Polysemy,Polysemy,Polysemy,No,0.417132974,0.097741723,FALSE,passage,M1_a_M2_b,passage
N,Polysemy,Polysemy,Polysemy,No,0.418398261,0.0909217,FALSE,passage,M1_b_M2_a,passage
N,Polysemy,Polysemy,Polysemy,No,0.45705986,0.074587941,FALSE,passage,M1_b_M2_b,passage
N,Polysemy,Polysemy,Polysemy,No,0.191856861,0.039234698,TRUE,passage,M2_a_M2_b,passage
N,Polysemy,Polysemy,Polysemy,Yes,0.505158365,0.088222742,TRUE,tape,M1_a_M1_b,tape
N,Polysemy,Polysemy,Polysemy,Yes,0.198552668,0.066827834,FALSE,tape,M1_a_M2_a,tape
N,Polysemy,Polysemy,Polysemy,Yes,0.173618793,0.050383449,FALSE,tape,M1_a_M2_b,tape
N,Polysemy,Polysemy,Polysemy,Yes,0.485456288,0.132503986,FALSE,tape,M1_b_M2_a,tape
N,Polysemy,Polysemy,Polysemy,Yes,0.510699838,0.092749536,FALSE,tape,M1_b_M2_b,tape
N,Polysemy,Polysemy,Polysemy,Yes,0.063471198,0.039654732,TRUE,tape,M2_a_M2_b,tape
N,Polysemy,Polysemy,Polysemy,No,0.059133589,0.011585116,TRUE,tracks,M1_a_M1_b,track
N,Polysemy,Polysemy,Polysemy,No,0.211046398,0.05438292,FALSE,tracks,M1_a_M2_a,track
N,Polysemy,Polysemy,Polysemy,No,0.286395967,0.03734684,FALSE,tracks,M1_a_M2_b,track
N,Polysemy,Polysemy,Polysemy,No,0.148312688,0.047146738,FALSE,tracks,M1_b_M2_a,track
N,Polysemy,Polysemy,Polysemy,No,0.212822378,0.034026444,FALSE,tracks,M1_b_M2_b,track
N,Polysemy,Polysemy,Polysemy,No,0.091531277,0.022711694,TRUE,tracks,M2_a_M2_b,track
N,Homonymy,Homonymy,Homonymy,No,0.117426872,0.030932486,TRUE,bat,M1_a_M1_b,bat
N,Homonymy,Homonymy,Homonymy,No,0.141213,0.037469864,FALSE,bat,M1_a_M2_a,bat
N,Homonymy,Homonymy,Homonymy,No,0.220161021,0.048564672,FALSE,bat,M1_a_M2_b,bat
N,Homonymy,Homonymy,Homonymy,No,0.199045181,0.049907684,FALSE,bat,M1_b_M2_a,bat
N,Homonymy,Homonymy,Homonymy,No,0.269888878,0.064392745,FALSE,bat,M1_b_M2_b,bat
N,Homonymy,Homonymy,Homonymy,No,0.098202467,0.045940161,TRUE,bat,M2_a_M2_b,bat
N,Homonymy,Homonymy,Homonymy,Yes,0.081663668,0.065949082,TRUE,cape,M1_a_M1_b,cape
N,Homonymy,Homonymy,Homonymy,Yes,0.281921923,0.080481112,FALSE,cape,M1_a_M2_a,cape
N,Homonymy,Homonymy,Homonymy,Yes,0.380894959,0.073402226,FALSE,cape,M1_a_M2_b,cape
N,Homonymy,Homonymy,Homonymy,Yes,0.272568762,0.072089553,FALSE,cape,M1_b_M2_a,cape
N,Homonymy,Homonymy,Homonymy,Yes,0.364672005,0.081994772,FALSE,cape,M1_b_M2_b,cape
N,Homonymy,Homonymy,Homonymy,Yes,0.092699349,0.054765403,TRUE,cape,M2_a_M2_b,cape
N,Polysemy,Polysemy,Polysemy,No,0.169089794,0.058419585,TRUE,cell,M1_a_M1_b,cell
N,Polysemy,Polysemy,Polysemy,No,0.370926499,0.16009587,FALSE,cell,M1_a_M2_a,cell
N,Polysemy,Polysemy,Polysemy,No,0.376195669,0.152398884,FALSE,cell,M1_a_M2_b,cell
N,Polysemy,Polysemy,Polysemy,No,0.429600775,0.125241637,FALSE,cell,M1_b_M2_a,cell
N,Polysemy,Polysemy,Polysemy,No,0.417385757,0.12647438,FALSE,cell,M1_b_M2_b,cell
N,Polysemy,Polysemy,Polysemy,No,0.035871804,0.007160008,TRUE,cell,M2_a_M2_b,cell
N,Homonymy,Homonymy,Homonymy,No,0.115669966,0.068282306,TRUE,mold,M1_a_M1_b,mold
N,Homonymy,Homonymy,Homonymy,No,0.203066468,0.105068564,FALSE,mold,M1_a_M2_a,mold
N,Homonymy,Homonymy,Homonymy,No,0.170827806,0.093459785,FALSE,mold,M1_a_M2_b,mold
N,Homonymy,Homonymy,Homonymy,No,0.219214261,0.11547327,FALSE,mold,M1_b_M2_a,mold
N,Homonymy,Homonymy,Homonymy,No,0.185368598,0.108413815,FALSE,mold,M1_b_M2_b,mold
N,Homonymy,Homonymy,Homonymy,No,0.137601793,0.037674487,TRUE,mold,M2_a_M2_b,mold
N,Homonymy,Homonymy,Homonymy,No,0.091742992,0.035631716,TRUE,match,M1_a_M1_b,match
N,Homonymy,Homonymy,Homonymy,No,0.462172866,0.06049633,FALSE,match,M1_a_M2_a,match
N,Homonymy,Homonymy,Homonymy,No,0.469395101,0.078830719,FALSE,match,M1_a_M2_b,match
N,Homonymy,Homonymy,Homonymy,No,0.468630493,0.067629695,FALSE,match,M1_b_M2_a,match
N,Homonymy,Homonymy,Homonymy,No,0.500597209,0.080270708,FALSE,match,M1_b_M2_b,match
N,Homonymy,Homonymy,Homonymy,No,0.156254768,0.045688748,TRUE,match,M2_a_M2_b,match
N,Homonymy,Homonymy,Homonymy,No,0.116787791,0.080570936,TRUE,pupil,M1_a_M1_b,pupil
N,Homonymy,Homonymy,Homonymy,No,0.324471354,0.164594412,FALSE,pupil,M1_a_M2_a,pupil
N,Homonymy,Homonymy,Homonymy,No,0.337472141,0.157416463,FALSE,pupil,M1_a_M2_b,pupil
N,Homonymy,Homonymy,Homonymy,No,0.343187094,0.158673644,FALSE,pupil,M1_b_M2_a,pupil
N,Homonymy,Homonymy,Homonymy,No,0.353193879,0.220721304,FALSE,pupil,M1_b_M2_b,pupil
N,Homonymy,Homonymy,Homonymy,No,0.115702033,0.176072359,TRUE,pupil,M2_a_M2_b,pupil
N,Homonymy,Homonymy,Homonymy,No,0.262364924,0.094911754,TRUE,seal,M1_a_M1_b,seal
N,Homonymy,Homonymy,Homonymy,No,0.121741474,0.086809099,FALSE,seal,M1_a_M2_a,seal
N,Homonymy,Homonymy,Homonymy,No,0.366402328,0.091768205,FALSE,seal,M1_a_M2_b,seal
N,Homonymy,Homonymy,Homonymy,No,0.218169928,0.110564947,FALSE,seal,M1_b_M2_a,seal
N,Homonymy,Homonymy,Homonymy,No,0.192974329,0.06107676,FALSE,seal,M1_b_M2_b,seal
N,Homonymy,Homonymy,Homonymy,No,0.280324876,0.081836522,TRUE,seal,M2_a_M2_b,seal
N,Homonymy,Homonymy,Homonymy,Yes,0.227330804,0.133767307,TRUE,tick,M1_a_M1_b,tick
N,Homonymy,Homonymy,Homonymy,Yes,0.401510119,0.182157278,FALSE,tick,M1_a_M2_a,tick
N,Homonymy,Homonymy,Homonymy,Yes,0.419999659,0.182493091,FALSE,tick,M1_a_M2_b,tick
N,Homonymy,Homonymy,Homonymy,Yes,0.367533743,0.118630707,FALSE,tick,M1_b_M2_a,tick
N,Homonymy,Homonymy,Homonymy,Yes,0.400648236,0.146961331,FALSE,tick,M1_b_M2_b,tick
N,Homonymy,Homonymy,Homonymy,Yes,0.064808846,0.040089488,TRUE,tick,M2_a_M2_b,tick
N,Homonymy,Homonymy,Homonymy,Yes,0.009858191,0.005891144,TRUE,yards,M1_a_M1_b,yard
N,Homonymy,Homonymy,Homonymy,Yes,0.315510988,0.118784904,FALSE,yards,M1_a_M2_a,yard
N,Homonymy,Homonymy,Homonymy,Yes,0.391850471,0.160174072,FALSE,yards,M1_a_M2_b,yard
N,Homonymy,Homonymy,Homonymy,Yes,0.311127782,0.107001245,FALSE,yards,M1_b_M2_a,yard
N,Homonymy,Homonymy,Homonymy,Yes,0.387729406,0.144338369,FALSE,yards,M1_b_M2_b,yard
N,Homonymy,Homonymy,Homonymy,Yes,0.162642956,0.064733982,TRUE,yards,M2_a_M2_b,yard
N,Homonymy,Polysemy,Homonymy,Yes,0.147376478,0.046640277,TRUE,drill,M1_a_M1_b,drill
N,Homonymy,Polysemy,Homonymy,Yes,0.255461097,0.114933491,FALSE,drill,M1_a_M2_a,drill
N,Homonymy,Polysemy,Homonymy,Yes,0.634080291,0.163684726,FALSE,drill,M1_a_M2_b,drill
N,Homonymy,Polysemy,Homonymy,Yes,0.254882514,0.127792597,FALSE,drill,M1_b_M2_a,drill
N,Homonymy,Polysemy,Homonymy,Yes,0.656190097,0.18358022,FALSE,drill,M1_b_M2_b,drill
N,Homonymy,Polysemy,Homonymy,Yes,0.561830163,0.086390257,TRUE,drill,M2_a_M2_b,drill
N,Homonymy,Homonymy,Homonymy,No,0.118700325,0.054543734,TRUE,file,M1_a_M1_b,file
N,Homonymy,Homonymy,Homonymy,No,0.278784513,0.078388691,FALSE,file,M1_a_M2_a,file
N,Homonymy,Homonymy,Homonymy,No,0.317461908,0.099503279,FALSE,file,M1_a_M2_b,file
N,Homonymy,Homonymy,Homonymy,No,0.318774164,0.097823262,FALSE,file,M1_b_M2_a,file
N,Homonymy,Homonymy,Homonymy,No,0.301388562,0.105181456,FALSE,file,M1_b_M2_b,file
N,Homonymy,Homonymy,Homonymy,No,0.126254261,0.066116333,TRUE,file,M2_a_M2_b,file
N,Homonymy,Homonymy,Homonymy,No,0.235204935,0.049302697,TRUE,count,M1_a_M1_b,count
N,Homonymy,Homonymy,Homonymy,No,0.505488276,0.101866722,FALSE,count,M1_a_M2_a,count
N,Homonymy,Homonymy,Homonymy,No,0.410678089,0.090347171,FALSE,count,M1_a_M2_b,count
N,Homonymy,Homonymy,Homonymy,No,0.376726568,0.141276062,FALSE,count,M1_b_M2_a,count
N,Homonymy,Homonymy,Homonymy,No,0.288782477,0.135300875,FALSE,count,M1_b_M2_b,count
N,Homonymy,Homonymy,Homonymy,No,0.172608733,0.063432813,TRUE,count,M2_a_M2_b,count
N,Homonymy,Homonymy,Homonymy,No,0.160221756,0.081309736,TRUE,port,M1_a_M1_b,port
N,Homonymy,Homonymy,Homonymy,No,0.225065172,0.076441467,FALSE,port,M1_a_M2_a,port
N,Homonymy,Homonymy,Homonymy,No,0.230878294,0.060819387,FALSE,port,M1_a_M2_b,port
N,Homonymy,Homonymy,Homonymy,No,0.208070636,0.083219051,FALSE,port,M1_b_M2_a,port
N,Homonymy,Homonymy,Homonymy,No,0.214503407,0.070518613,FALSE,port,M1_b_M2_b,port
N,Homonymy,Homonymy,Homonymy,No,0.06746316,0.034573555,TRUE,port,M2_a_M2_b,port
N,Homonymy,Homonymy,Homonymy,No,0.076492667,0.080676556,TRUE,fan,M1_a_M1_b,fan
N,Homonymy,Homonymy,Homonymy,No,0.402846813,0.177222013,FALSE,fan,M1_a_M2_a,fan
N,Homonymy,Homonymy,Homonymy,No,0.426824152,0.194414139,FALSE,fan,M1_a_M2_b,fan
N,Homonymy,Homonymy,Homonymy,No,0.475281417,0.176194489,FALSE,fan,M1_b_M2_a,fan
N,Homonymy,Homonymy,Homonymy,No,0.498543441,0.21644938,FALSE,fan,M1_b_M2_b,fan
N,Homonymy,Homonymy,Homonymy,No,0.106026471,0.060933888,TRUE,fan,M2_a_M2_b,fan
N,Homonymy,Homonymy,Homonymy,No,0.123151422,0.080750287,TRUE,sage,M1_a_M1_b,sage
N,Homonymy,Homonymy,Homonymy,No,0.329650939,0.115150928,FALSE,sage,M1_a_M2_a,sage
N,Homonymy,Homonymy,Homonymy,No,0.336821139,0.093836427,FALSE,sage,M1_a_M2_b,sage
N,Homonymy,Homonymy,Homonymy,No,0.376201749,0.072128057,FALSE,sage,M1_b_M2_a,sage
N,Homonymy,Homonymy,Homonymy,No,0.394118071,0.083328903,FALSE,sage,M1_b_M2_b,sage
N,Homonymy,Homonymy,Homonymy,No,0.041147172,0.045371413,TRUE,sage,M2_a_M2_b,sage
N,Homonymy,Homonymy,Homonymy,Yes,0.16136986,0.049786985,TRUE,racket,M1_a_M1_b,racket
N,Homonymy,Homonymy,Homonymy,Yes,0.286288083,0.088480949,FALSE,racket,M1_a_M2_a,racket
N,Homonymy,Homonymy,Homonymy,Yes,0.298933864,0.102135122,FALSE,racket,M1_a_M2_b,racket
N,Homonymy,Homonymy,Homonymy,Yes,0.262139261,0.062753677,FALSE,racket,M1_b_M2_a,racket
N,Homonymy,Homonymy,Homonymy,Yes,0.295964241,0.070475042,FALSE,racket,M1_b_M2_b,racket
N,Homonymy,Homonymy,Homonymy,Yes,0.044394433,0.016634107,TRUE,racket,M2_a_M2_b,racket
V,Homonymy,Homonymy,Homonymy,No,0.095331252,0.067792237,TRUE,toasted,M1_a_M1_b,toast
V,Homonymy,Homonymy,Homonymy,No,0.222294986,0.130103528,FALSE,toasted,M1_a_M2_a,toast
V,Homonymy,Homonymy,Homonymy,No,0.241852403,0.182386577,FALSE,toasted,M1_a_M2_b,toast
V,Homonymy,Homonymy,Homonymy,No,0.140097976,0.132887423,FALSE,toasted,M1_b_M2_a,toast
V,Homonymy,Homonymy,Homonymy,No,0.180000246,0.165035546,FALSE,toasted,M1_b_M2_b,toast
V,Homonymy,Homonymy,Homonymy,No,0.107216835,0.095477164,TRUE,toasted,M2_a_M2_b,toast
V,Homonymy,Homonymy,Homonymy,No,0.078797758,0.03989011,TRUE,penned,M1_a_M1_b,pen
V,Homonymy,Homonymy,Homonymy,No,0.464779556,0.138799191,FALSE,penned,M1_a_M2_a,pen
V,Homonymy,Homonymy,Homonymy,No,0.322282195,0.094427526,FALSE,penned,M1_a_M2_b,pen
V,Homonymy,Homonymy,Homonymy,No,0.480618358,0.185153425,FALSE,penned,M1_b_M2_a,pen
V,Homonymy,Homonymy,Homonymy,No,0.354411125,0.140421927,FALSE,penned,M1_b_M2_b,pen
V,Homonymy,Homonymy,Homonymy,No,0.447730839,0.078773856,TRUE,penned,M2_a_M2_b,pen
V,Homonymy,Homonymy,Homonymy,No,0.052691579,0.030866385,TRUE,banked,M1_a_M1_b,bank
V,Homonymy,Homonymy,Homonymy,No,0.323924422,0.132879496,FALSE,banked,M1_a_M2_a,bank
V,Homonymy,Homonymy,Homonymy,No,0.273554802,0.136303425,FALSE,banked,M1_a_M2_b,bank
V,Homonymy,Homonymy,Homonymy,No,0.350970745,0.146282852,FALSE,banked,M1_b_M2_a,bank
V,Homonymy,Homonymy,Homonymy,No,0.298910558,0.146447778,FALSE,banked,M1_b_M2_b,bank
V,Homonymy,Homonymy,Homonymy,No,0.071297884,0.015070319,TRUE,banked,M2_a_M2_b,bank
V,Homonymy,Homonymy,Homonymy,No,0.075741172,0.030859768,TRUE,poached,M1_a_M1_b,poach
V,Homonymy,Homonymy,Homonymy,No,0.177143097,0.146079957,FALSE,poached,M1_a_M2_a,poach
V,Homonymy,Homonymy,Homonymy,No,0.20310396,0.146395802,FALSE,poached,M1_a_M2_b,poach
V,Homonymy,Homonymy,Homonymy,No,0.195071042,0.10395509,FALSE,poached,M1_b_M2_a,poach
V,Homonymy,Homonymy,Homonymy,No,0.273703039,0.119645,FALSE,poached,M1_b_M2_b,poach
V,Homonymy,Homonymy,Homonymy,No,0.094468653,0.037650466,TRUE,poached,M2_a_M2_b,poach
V,Polysemy,Polysemy,Polysemy,,0.13209796,0.02587229,TRUE,clogged,M1_a_M1_b,clog
V,Polysemy,Polysemy,Polysemy,,0.173205554,0.096770346,FALSE,clogged,M1_a_M2_a,clog
V,Polysemy,Polysemy,Polysemy,,0.235879421,0.081241608,FALSE,clogged,M1_a_M2_b,clog
V,Polysemy,Polysemy,Polysemy,,0.207357526,0.126630962,FALSE,clogged,M1_b_M2_a,clog
V,Polysemy,Polysemy,Polysemy,,0.240847111,0.111360729,FALSE,clogged,M1_b_M2_b,clog
V,Polysemy,Polysemy,Polysemy,,0.138669252,0.040646911,TRUE,clogged,M2_a_M2_b,clog
V,Polysemy,Polysemy,Polysemy,No,0.12285012,0.06813097,TRUE,staked,M1_a_M1_b,stake
V,Polysemy,Polysemy,Polysemy,No,0.28088522,0.128690422,FALSE,staked,M1_a_M2_a,stake
V,Polysemy,Polysemy,Polysemy,No,0.294953108,0.117528498,FALSE,staked,M1_a_M2_b,stake
V,Polysemy,Polysemy,Polysemy,No,0.254777133,0.099855304,FALSE,staked,M1_b_M2_a,stake
V,Polysemy,Polysemy,Polysemy,No,0.31125623,0.09199506,FALSE,staked,M1_b_M2_b,stake
V,Polysemy,Polysemy,Polysemy,No,0.191575289,0.075505853,TRUE,staked,M2_a_M2_b,stake
V,Polysemy,Polysemy,Polysemy,No,0.221626163,0.06498313,TRUE,picked,M1_a_M1_b,pick
V,Polysemy,Polysemy,Polysemy,No,0.15991509,0.086674511,FALSE,picked,M1_a_M2_a,pick
V,Polysemy,Polysemy,Polysemy,No,0.211315513,0.101501822,FALSE,picked,M1_a_M2_b,pick
V,Polysemy,Polysemy,Polysemy,No,0.291501582,0.093960941,FALSE,picked,M1_b_M2_a,pick
V,Polysemy,Polysemy,Polysemy,No,0.366639793,0.109284937,FALSE,picked,M1_b_M2_b,pick
V,Polysemy,Polysemy,Polysemy,No,0.156949222,0.058389723,TRUE,picked,M2_a_M2_b,pick
V,Polysemy,Polysemy,Polysemy,No,0.068428814,0.032469273,TRUE,stalled,M1_a_M1_b,stall
V,Polysemy,Polysemy,Polysemy,No,0.160481989,0.079759598,FALSE,stalled,M1_a_M2_a,stall
V,Polysemy,Polysemy,Polysemy,No,0.231238067,0.08733356,FALSE,stalled,M1_a_M2_b,stall
V,Polysemy,Polysemy,Polysemy,No,0.138819456,0.10032022,FALSE,stalled,M1_b_M2_a,stall
V,Polysemy,Polysemy,Polysemy,No,0.183550537,0.112087369,FALSE,stalled,M1_b_M2_b,stall
V,Polysemy,Polysemy,Polysemy,No,0.178040326,0.057151437,TRUE,stalled,M2_a_M2_b,stall
V,Polysemy,Polysemy,Polysemy,No,0.153936148,0.145602703,TRUE,fixed,M1_a_M1_b,fix
V,Polysemy,Polysemy,Polysemy,No,0.243120611,0.162263095,FALSE,fixed,M1_a_M2_a,fix
V,Polysemy,Polysemy,Polysemy,No,0.29379493,0.188381612,FALSE,fixed,M1_a_M2_b,fix
V,Polysemy,Polysemy,Polysemy,No,0.345567882,0.155044973,FALSE,fixed,M1_b_M2_a,fix
V,Polysemy,Polysemy,Polysemy,No,0.354539871,0.171358287,FALSE,fixed,M1_b_M2_b,fix
V,Polysemy,Polysemy,Polysemy,No,0.17143929,0.102191091,TRUE,fixed,M2_a_M2_b,fix
V,Polysemy,Polysemy,Polysemy,No,0.080325246,0.049073398,TRUE,stayed,M1_a_M1_b,stay
V,Polysemy,Polysemy,Polysemy,No,0.298734605,0.206627786,FALSE,stayed,M1_a_M2_a,stay
V,Polysemy,Polysemy,Polysemy,No,0.343555748,0.149693429,FALSE,stayed,M1_a_M2_b,stay
V,Polysemy,Polysemy,Polysemy,No,0.265157819,0.193538725,FALSE,stayed,M1_b_M2_a,stay
V,Polysemy,Polysemy,Polysemy,No,0.338838518,0.131733358,FALSE,stayed,M1_b_M2_b,stay
V,Polysemy,Polysemy,Polysemy,No,0.248371005,0.081363201,TRUE,stayed,M2_a_M2_b,stay
V,Polysemy,Polysemy,Polysemy,No,0.21152842,0.08060652,TRUE,crossed,M1_a_M1_b,cross
V,Polysemy,Polysemy,Polysemy,No,0.328189552,0.101659954,FALSE,crossed,M1_a_M2_a,cross
V,Polysemy,Polysemy,Polysemy,No,0.47225827,0.097827077,FALSE,crossed,M1_a_M2_b,cross
V,Polysemy,Polysemy,Polysemy,No,0.324942768,0.104293823,FALSE,crossed,M1_b_M2_a,cross
V,Polysemy,Polysemy,Polysemy,No,0.429726541,0.088190854,FALSE,crossed,M1_b_M2_b,cross
V,Polysemy,Polysemy,Polysemy,No,0.156759024,0.066878438,TRUE,crossed,M2_a_M2_b,cross
V,Polysemy,Polysemy,Polysemy,No,0.190988779,0.136221111,TRUE,ran,M1_a_M1_b,run
V,Polysemy,Polysemy,Polysemy,No,0.329861701,0.181533337,FALSE,ran,M1_a_M2_a,run
V,Polysemy,Polysemy,Polysemy,No,0.332791328,0.209793985,FALSE,ran,M1_a_M2_b,run
V,Polysemy,Polysemy,Polysemy,No,0.293900847,0.240969598,FALSE,ran,M1_b_M2_a,run
V,Polysemy,Polysemy,Polysemy,No,0.306116045,0.213883042,FALSE,ran,M1_b_M2_b,run
V,Polysemy,Polysemy,Polysemy,No,0.058786392,0.086003184,TRUE,ran,M2_a_M2_b,run
V,Polysemy,Polysemy,Polysemy,No,0.165787518,0.089100361,TRUE,spilled,M1_a_M1_b,spill
V,Polysemy,Polysemy,Polysemy,No,0.328452051,0.127788305,FALSE,spilled,M1_a_M2_a,spill
V,Polysemy,Polysemy,Polysemy,No,0.367769063,0.098430336,FALSE,spilled,M1_a_M2_b,spill
V,Polysemy,Polysemy,Polysemy,No,0.32275182,0.162538171,FALSE,spilled,M1_b_M2_a,spill
V,Polysemy,Polysemy,Polysemy,No,0.395465255,0.135237396,FALSE,spilled,M1_b_M2_b,spill
V,Polysemy,Polysemy,Polysemy,No,0.100264668,0.090865076,TRUE,spilled,M2_a_M2_b,spill
V,Polysemy,Polysemy,Polysemy,No,0.15237397,0.058177471,TRUE,cast,M1_a_M1_b,cast
V,Polysemy,Polysemy,Polysemy,No,0.222672522,0.137296617,FALSE,cast,M1_a_M2_a,cast
V,Polysemy,Polysemy,Polysemy,No,0.194877267,0.14134413,FALSE,cast,M1_a_M2_b,cast
V,Polysemy,Polysemy,Polysemy,No,0.262479603,0.146176755,FALSE,cast,M1_b_M2_a,cast
V,Polysemy,Polysemy,Polysemy,No,0.268744171,0.148141026,FALSE,cast,M1_b_M2_b,cast
V,Polysemy,Polysemy,Polysemy,No,0.166104376,0.054468334,TRUE,cast,M2_a_M2_b,cast
V,Polysemy,Polysemy,Polysemy,No,0.217148781,0.05676192,TRUE,pushed,M1_a_M1_b,push
V,Polysemy,Polysemy,Polysemy,No,0.350416481,0.1085428,FALSE,pushed,M1_a_M2_a,push
V,Polysemy,Polysemy,Polysemy,No,0.3361094,0.121903241,FALSE,pushed,M1_a_M2_b,push
V,Polysemy,Polysemy,Polysemy,No,0.363268316,0.127490759,FALSE,pushed,M1_b_M2_a,push
V,Polysemy,Polysemy,Polysemy,No,0.401321113,0.13549304,FALSE,pushed,M1_b_M2_b,push
V,Polysemy,Polysemy,Polysemy,No,0.094742,0.052688241,TRUE,pushed,M2_a_M2_b,push
V,Polysemy,Polysemy,Polysemy,,0.191510439,0.170996845,TRUE,called,M1_a_M1_b,call
V,Polysemy,Polysemy,Polysemy,,0.267129362,0.121238768,FALSE,called,M1_a_M2_a,call
V,Polysemy,Polysemy,Polysemy,,0.379179537,0.13010782,FALSE,called,M1_a_M2_b,call
V,Polysemy,Polysemy,Polysemy,,0.341154635,0.263126612,FALSE,called,M1_b_M2_a,call
V,Polysemy,Polysemy,Polysemy,,0.464733362,0.304124057,FALSE,called,M1_b_M2_b,call
V,Polysemy,Polysemy,Polysemy,,0.148041427,0.068140984,TRUE,called,M2_a_M2_b,call
V,Polysemy,Polysemy,Polysemy,No,0.163004339,0.135794103,TRUE,drained,M1_a_M1_b,drain
V,Polysemy,Polysemy,Polysemy,No,0.279023349,0.171304047,FALSE,drained,M1_a_M2_a,drain
V,Polysemy,Polysemy,Polysemy,No,0.312390685,0.194308102,FALSE,drained,M1_a_M2_b,drain
V,Polysemy,Polysemy,Polysemy,No,0.36032635,0.151669145,FALSE,drained,M1_b_M2_a,drain
V,Polysemy,Polysemy,Polysemy,No,0.365361273,0.174552143,FALSE,drained,M1_b_M2_b,drain
V,Polysemy,Polysemy,Polysemy,No,0.119492829,0.047318161,TRUE,drained,M2_a_M2_b,drain
V,Polysemy,Polysemy,Polysemy,No,0.12595737,0.049517512,TRUE,drew,M1_a_M1_b,draw
V,Polysemy,Polysemy,Polysemy,No,0.326175928,0.077704012,FALSE,drew,M1_a_M2_a,draw
V,Polysemy,Polysemy,Polysemy,No,0.411751091,0.143300056,FALSE,drew,M1_a_M2_b,draw
V,Polysemy,Polysemy,Polysemy,No,0.268451571,0.068489969,FALSE,drew,M1_b_M2_a,draw
V,Polysemy,Polysemy,Polysemy,No,0.384750426,0.15406543,FALSE,drew,M1_b_M2_b,draw
V,Polysemy,Polysemy,Polysemy,No,0.222712755,0.100153685,TRUE,drew,M2_a_M2_b,draw
V,Polysemy,Polysemy,Polysemy,Yes,0.028505385,0.029815912,TRUE,hailed,M1_a_M1_b,hail
V,Polysemy,Polysemy,Polysemy,Yes,0.281277299,0.097313643,FALSE,hailed,M1_a_M2_a,hail
V,Polysemy,Polysemy,Polysemy,Yes,0.294083297,0.092353225,FALSE,hailed,M1_a_M2_b,hail
V,Polysemy,Polysemy,Polysemy,Yes,0.277096033,0.095104337,FALSE,hailed,M1_b_M2_a,hail
V,Polysemy,Polysemy,Polysemy,Yes,0.294228375,0.096482575,FALSE,hailed,M1_b_M2_b,hail
V,Polysemy,Polysemy,Polysemy,Yes,0.11702776,0.048453987,TRUE,hailed,M2_a_M2_b,hail
V,Polysemy,Polysemy,Polysemy,No,0.132749021,0.09671092,TRUE,broke,M1_a_M1_b,break
V,Polysemy,Polysemy,Polysemy,No,0.357050598,0.126903534,FALSE,broke,M1_a_M2_a,break
V,Polysemy,Polysemy,Polysemy,No,0.405449092,0.115515828,FALSE,broke,M1_a_M2_b,break
V,Polysemy,Polysemy,Polysemy,No,0.427916944,0.191336215,FALSE,broke,M1_b_M2_a,break
V,Polysemy,Polysemy,Polysemy,No,0.477100194,0.155141354,FALSE,broke,M1_b_M2_b,break
V,Polysemy,Polysemy,Polysemy,No,0.33742106,0.082362115,TRUE,broke,M2_a_M2_b,break
V,Polysemy,Polysemy,Polysemy,No,0.14031893,0.055636346,TRUE,served,M1_a_M1_b,serve
V,Polysemy,Polysemy,Polysemy,No,0.378617704,0.183701873,FALSE,served,M1_a_M2_a,serve
V,Polysemy,Polysemy,Polysemy,No,0.549064308,0.169079483,FALSE,served,M1_a_M2_b,serve
V,Polysemy,Polysemy,Polysemy,No,0.403398216,0.215635061,FALSE,served,M1_b_M2_a,serve
V,Polysemy,Polysemy,Polysemy,No,0.531154156,0.204917371,FALSE,served,M1_b_M2_b,serve
V,Polysemy,Polysemy,Polysemy,No,0.342206717,0.056954086,TRUE,served,M2_a_M2_b,serve
V,Polysemy,Polysemy,Polysemy,No,0.117293715,0.09573859,TRUE,checked,M1_a_M1_b,check
V,Polysemy,Polysemy,Polysemy,No,0.196067929,0.111678481,FALSE,checked,M1_a_M2_a,check
V,Polysemy,Polysemy,Polysemy,No,0.24142921,0.137530684,FALSE,checked,M1_a_M2_b,check
V,Polysemy,Polysemy,Polysemy,No,0.182829201,0.125203133,FALSE,checked,M1_b_M2_a,check
V,Polysemy,Polysemy,Polysemy,No,0.267269194,0.137405217,FALSE,checked,M1_b_M2_b,check
V,Polysemy,Polysemy,Polysemy,No,0.124973059,0.064044297,TRUE,checked,M2_a_M2_b,check
V,Polysemy,Polysemy,Polysemy,No,0.205823958,0.064520538,TRUE,sang,M1_a_M1_b,sing
V,Polysemy,Polysemy,Polysemy,No,0.233257055,0.07061404,FALSE,sang,M1_a_M2_a,sing
V,Polysemy,Polysemy,Polysemy,No,0.283290148,0.129253685,FALSE,sang,M1_a_M2_b,sing
V,Polysemy,Polysemy,Polysemy,No,0.232686758,0.081282616,FALSE,sang,M1_b_M2_a,sing
V,Polysemy,Polysemy,Polysemy,No,0.171961606,0.138810694,FALSE,sang,M1_b_M2_b,sing
V,Polysemy,Polysemy,Polysemy,No,0.185122371,0.078307152,TRUE,sang,M2_a_M2_b,sing
V,Polysemy,Polysemy,Unsure,No,0.131476939,0.108689189,TRUE,cleared,M1_a_M1_b,clear
V,Polysemy,Polysemy,Unsure,No,0.282314956,0.093875289,FALSE,cleared,M1_a_M2_a,clear
V,Polysemy,Polysemy,Unsure,No,0.373953938,0.106257439,FALSE,cleared,M1_a_M2_b,clear
V,Polysemy,Polysemy,Unsure,No,0.193765879,0.118124425,FALSE,cleared,M1_b_M2_a,clear
V,Polysemy,Polysemy,Unsure,No,0.317057014,0.125001669,FALSE,cleared,M1_b_M2_b,clear
V,Polysemy,Polysemy,Unsure,No,0.101772845,0.045495272,TRUE,cleared,M2_a_M2_b,clear
V,Polysemy,Polysemy,Unsure,No,0.046735942,0.031222999,TRUE,loaded,M1_a_M1_b,load
V,Polysemy,Polysemy,Unsure,No,0.25092721,0.067025781,FALSE,loaded,M1_a_M2_a,load
V,Polysemy,Polysemy,Unsure,No,0.221700847,0.069086552,FALSE,loaded,M1_a_M2_b,load
V,Polysemy,Polysemy,Unsure,No,0.205683231,0.083544791,FALSE,loaded,M1_b_M2_a,load
V,Polysemy,Polysemy,Unsure,No,0.178631902,0.084087253,FALSE,loaded,M1_b_M2_b,load
V,Polysemy,Polysemy,Unsure,No,0.035642982,0.01317215,TRUE,loaded,M2_a_M2_b,load
N,Homonymy,Homonymy,Homonymy,No,0.250876188,0.045372784,TRUE,band,M1_a_M1_b,band
N,Homonymy,Homonymy,Homonymy,No,0.449524701,0.073461235,FALSE,band,M1_a_M2_a,band
N,Homonymy,Homonymy,Homonymy,No,0.455853581,0.076260746,FALSE,band,M1_a_M2_b,band
N,Homonymy,Homonymy,Homonymy,No,0.482806385,0.080441296,FALSE,band,M1_b_M2_a,band
N,Homonymy,Homonymy,Homonymy,No,0.484228253,0.089959681,FALSE,band,M1_b_M2_b,band
N,Homonymy,Homonymy,Homonymy,No,0.091263115,0.034426391,TRUE,band,M2_a_M2_b,band
N,Homonymy,Homonymy,Homonymy,No,0.071674526,0.036003411,TRUE,clip,M1_a_M1_b,clip
N,Homonymy,Homonymy,Homonymy,No,0.351907313,0.064445615,FALSE,clip,M1_a_M2_a,clip
N,Homonymy,Homonymy,Homonymy,No,0.333222985,0.097966373,FALSE,clip,M1_a_M2_b,clip
N,Homonymy,Homonymy,Homonymy,No,0.406234622,0.076359332,FALSE,clip,M1_b_M2_a,clip
N,Homonymy,Homonymy,Homonymy,No,0.380484819,0.101653278,FALSE,clip,M1_b_M2_b,clip
N,Homonymy,Homonymy,Homonymy,No,0.208770514,0.067853034,TRUE,clip,M2_a_M2_b,clip
N,Homonymy,Homonymy,Homonymy,No,0.106470287,0.013601124,TRUE,jam,M1_a_M1_b,jam
N,Homonymy,Homonymy,Homonymy,No,0.442857265,0.108810067,FALSE,jam,M1_a_M2_a,jam
N,Homonymy,Homonymy,Homonymy,No,0.114704907,0.072253227,FALSE,jam,M1_a_M2_b,jam
N,Homonymy,Homonymy,Homonymy,No,0.450755119,0.099556148,FALSE,jam,M1_b_M2_a,jam
N,Homonymy,Homonymy,Homonymy,No,0.154984951,0.054440141,FALSE,jam,M1_b_M2_b,jam
N,Homonymy,Homonymy,Homonymy,No,0.395899713,0.070620716,TRUE,jam,M2_a_M2_b,jam
N,Homonymy,Homonymy,Homonymy,No,0.110029995,0.043736637,TRUE,scale,M1_a_M1_b,scale
N,Homonymy,Homonymy,Homonymy,No,0.177956939,0.097080171,FALSE,scale,M1_a_M2_a,scale
N,Homonymy,Homonymy,Homonymy,No,0.38500911,0.134072304,FALSE,scale,M1_a_M2_b,scale
N,Homonymy,Homonymy,Homonymy,No,0.27836597,0.090644598,FALSE,scale,M1_b_M2_a,scale
N,Homonymy,Homonymy,Homonymy,No,0.436147988,0.133900106,FALSE,scale,M1_b_M2_b,scale
N,Homonymy,Homonymy,Homonymy,No,0.334735692,0.117534041,TRUE,scale,M2_a_M2_b,scale
N,Homonymy,Homonymy,Homonymy,No,0.085626662,0.040128887,TRUE,palm,M1_a_M1_b,palm
N,Homonymy,Homonymy,Homonymy,No,0.271009207,0.096294343,FALSE,palm,M1_a_M2_a,palm
N,Homonymy,Homonymy,Homonymy,No,0.269844651,0.081980586,FALSE,palm,M1_a_M2_b,palm
N,Homonymy,Homonymy,Homonymy,No,0.339266062,0.120958984,FALSE,palm,M1_b_M2_a,palm
N,Homonymy,Homonymy,Homonymy,No,0.323847413,0.089921772,FALSE,palm,M1_b_M2_b,palm
N,Homonymy,Homonymy,Homonymy,No,0.125965536,0.102179348,TRUE,palm,M2_a_M2_b,palm
N,Homonymy,Homonymy,Homonymy,No,0.514390618,0.066372216,TRUE,pitcher,M1_a_M1_b,pitcher
N,Homonymy,Homonymy,Homonymy,No,0.448589623,0.058187366,FALSE,pitcher,M1_a_M2_a,pitcher
N,Homonymy,Homonymy,Homonymy,No,0.352484643,0.079657257,FALSE,pitcher,M1_a_M2_b,pitcher
N,Homonymy,Homonymy,Homonymy,No,0.560444891,0.070770621,FALSE,pitcher,M1_b_M2_a,pitcher
N,Homonymy,Homonymy,Homonymy,No,0.553768069,0.083898902,FALSE,pitcher,M1_b_M2_b,pitcher
N,Homonymy,Homonymy,Homonymy,No,0.054722905,0.028729558,TRUE,pitcher,M2_a_M2_b,pitcher
N,Homonymy,Homonymy,Homonymy,No,0.204722881,0.0966627,TRUE,toll,M1_a_M1_b,toll
N,Homonymy,Homonymy,Homonymy,No,0.287602782,0.064157188,FALSE,toll,M1_a_M2_a,toll
N,Homonymy,Homonymy,Homonymy,No,0.376441181,0.106635153,FALSE,toll,M1_a_M2_b,toll
N,Homonymy,Homonymy,Homonymy,No,0.309844851,0.092908859,FALSE,toll,M1_b_M2_a,toll
N,Homonymy,Homonymy,Homonymy,No,0.347767413,0.077217638,FALSE,toll,M1_b_M2_b,toll
N,Homonymy,Homonymy,Homonymy,No,0.216206491,0.069992304,TRUE,toll,M2_a_M2_b,toll
N,Homonymy,Homonymy,Homonymy,No,0.084662199,0.096459329,TRUE,mole,M1_a_M1_b,mole
N,Homonymy,Homonymy,Homonymy,No,0.121985972,0.089485586,FALSE,mole,M1_a_M2_a,mole
N,Homonymy,Homonymy,Homonymy,No,0.16255635,0.091338396,FALSE,mole,M1_a_M2_b,mole
N,Homonymy,Homonymy,Homonymy,No,0.136322439,0.087554216,FALSE,mole,M1_b_M2_a,mole
N,Homonymy,Homonymy,Homonymy,No,0.133527815,0.073733807,FALSE,mole,M1_b_M2_b,mole
N,Homonymy,Homonymy,Homonymy,No,0.171923518,0.074075401,TRUE,mole,M2_a_M2_b,mole
N,Homonymy,Homonymy,Homonymy,No,0.188228965,0.107634246,TRUE,perch,M1_a_M1_b,perch
N,Homonymy,Homonymy,Homonymy,No,0.161617517,0.047499657,FALSE,perch,M1_a_M2_a,perch
N,Homonymy,Homonymy,Homonymy,No,0.173960328,0.0516572,FALSE,perch,M1_a_M2_b,perch
N,Homonymy,Homonymy,Homonymy,No,0.316257119,0.119325459,FALSE,perch,M1_b_M2_a,perch
N,Homonymy,Homonymy,Homonymy,No,0.333974421,0.116146207,FALSE,perch,M1_b_M2_b,perch
N,Homonymy,Homonymy,Homonymy,No,0.115147412,0.025611639,TRUE,perch,M2_a_M2_b,perch
N,Homonymy,Homonymy,Homonymy,No,0.247438788,0.060580909,TRUE,punch,M1_a_M1_b,punch
N,Homonymy,Homonymy,Homonymy,No,0.38242346,0.173151553,FALSE,punch,M1_a_M2_a,punch
N,Homonymy,Homonymy,Homonymy,No,0.408398867,0.199571908,FALSE,punch,M1_a_M2_b,punch
N,Homonymy,Homonymy,Homonymy,No,0.439917147,0.173324049,FALSE,punch,M1_b_M2_a,punch
N,Homonymy,Homonymy,Homonymy,No,0.450152278,0.186375141,FALSE,punch,M1_b_M2_b,punch
N,Homonymy,Homonymy,Homonymy,No,0.060931325,0.042283833,TRUE,punch,M2_a_M2_b,punch
V,Homonymy,Homonymy,Homonymy,No,0.097269237,0.046793878,TRUE,tapped,M1_a_M1_b,tap
V,Homonymy,Homonymy,Homonymy,No,0.064929307,0.059841752,FALSE,tapped,M1_a_M2_a,tap
V,Homonymy,Homonymy,Homonymy,No,0.108148277,0.119889259,FALSE,tapped,M1_a_M2_b,tap
V,Homonymy,Homonymy,Homonymy,No,0.134595156,0.07687825,FALSE,tapped,M1_b_M2_a,tap
V,Homonymy,Homonymy,Homonymy,No,0.15184027,0.124992728,FALSE,tapped,M1_b_M2_b,tap
V,Homonymy,Homonymy,Homonymy,No,0.097163141,0.124092579,TRUE,tapped,M2_a_M2_b,tap
N,Homonymy,Homonymy,Homonymy,No,0.049814999,0.032923996,TRUE,locks,M1_a_M1_b,lock
N,Homonymy,Homonymy,Homonymy,No,0.364491343,0.09430939,FALSE,locks,M1_a_M2_a,lock
N,Homonymy,Homonymy,Homonymy,No,0.380106211,0.101951361,FALSE,locks,M1_a_M2_b,lock
N,Homonymy,Homonymy,Homonymy,No,0.375346899,0.067510068,FALSE,locks,M1_b_M2_a,lock
N,Homonymy,Homonymy,Homonymy,No,0.380734086,0.070536137,FALSE,locks,M1_b_M2_b,lock
N,Homonymy,Homonymy,Homonymy,No,0.060202837,0.021203756,TRUE,locks,M2_a_M2_b,lock
V,Homonymy,Homonymy,Homonymy,No,0.180359662,0.078547239,TRUE,lapped,M1_a_M1_b,lap
V,Homonymy,Homonymy,Homonymy,No,0.331312001,0.118968368,FALSE,lapped,M1_a_M2_a,lap
V,Homonymy,Homonymy,Homonymy,No,0.412111938,0.140125692,FALSE,lapped,M1_a_M2_b,lap
V,Homonymy,Homonymy,Homonymy,No,0.179503739,0.07594049,FALSE,lapped,M1_b_M2_a,lap
V,Homonymy,Homonymy,Homonymy,No,0.295544863,0.102032185,FALSE,lapped,M1_b_M2_b,lap
V,Homonymy,Homonymy,Homonymy,No,0.108225286,0.041925013,TRUE,lapped,M2_a_M2_b,lap
N,Homonymy,Homonymy,Homonymy,No,0.146082819,0.08013767,TRUE,page,M1_a_M1_b,page
N,Homonymy,Homonymy,Homonymy,No,0.240452111,0.096105754,FALSE,page,M1_a_M2_a,page
N,Homonymy,Homonymy,Homonymy,No,0.225439787,0.095548153,FALSE,page,M1_a_M2_b,page
N,Homonymy,Homonymy,Homonymy,No,0.239609122,0.103726864,FALSE,page,M1_b_M2_a,page
N,Homonymy,Homonymy,Homonymy,No,0.221343756,0.12424624,FALSE,page,M1_b_M2_b,page
N,Homonymy,Homonymy,Homonymy,No,0.077804208,0.044888258,TRUE,page,M2_a_M2_b,page
N,Homonymy,Homonymy,Homonymy,No,0.260650516,0.030067265,TRUE,tip,M1_a_M1_b,tip
N,Homonymy,Homonymy,Homonymy,No,0.387852728,0.079369009,FALSE,tip,M1_a_M2_a,tip
N,Homonymy,Homonymy,Homonymy,No,0.304480195,0.091443419,FALSE,tip,M1_a_M2_b,tip
N,Homonymy,Homonymy,Homonymy,No,0.293498874,0.077552915,FALSE,tip,M1_b_M2_a,tip
N,Homonymy,Homonymy,Homonymy,No,0.243239701,0.091838002,FALSE,tip,M1_b_M2_b,tip
N,Homonymy,Homonymy,Homonymy,No,0.144928873,0.04379636,TRUE,tip,M2_a_M2_b,tip
V,Homonymy,Homonymy,Homonymy,No,0.140995204,0.084383667,TRUE,bailed,M1_a_M1_b,bail
V,Homonymy,Homonymy,Homonymy,No,0.294229746,0.079534769,FALSE,bailed,M1_a_M2_a,bail
V,Homonymy,Homonymy,Homonymy,No,0.287322104,0.099640667,FALSE,bailed,M1_a_M2_b,bail
V,Homonymy,Homonymy,Homonymy,No,0.443184912,0.110985637,FALSE,bailed,M1_b_M2_a,bail
V,Homonymy,Homonymy,Homonymy,No,0.42926693,0.120074809,FALSE,bailed,M1_b_M2_b,bail
V,Homonymy,Homonymy,Homonymy,No,0.126403391,0.065280318,TRUE,bailed,M2_a_M2_b,bail
N,Homonymy,Homonymy,Homonymy,Yes,0.065356612,0.052857339,TRUE,rock,M1_a_M1_b,rock
N,Homonymy,Homonymy,Homonymy,Yes,0.288080692,0.106014252,FALSE,rock,M1_a_M2_a,rock
N,Homonymy,Homonymy,Homonymy,Yes,0.303245485,0.111593366,FALSE,rock,M1_a_M2_b,rock
N,Homonymy,Homonymy,Homonymy,Yes,0.328184485,0.106030166,FALSE,rock,M1_b_M2_a,rock
N,Homonymy,Homonymy,Homonymy,Yes,0.344465852,0.114727795,FALSE,rock,M1_b_M2_b,rock
N,Homonymy,Homonymy,Homonymy,Yes,0.036675572,0.009861112,TRUE,rock,M2_a_M2_b,rock
N,Homonymy,Homonymy,Homonymy,,0.137798846,0.066809416,TRUE,post,M1_a_M1_b,post
N,Homonymy,Homonymy,Homonymy,,0.234244347,0.113972306,FALSE,post,M1_a_M2_a,post
N,Homonymy,Homonymy,Homonymy,,0.320349455,0.108090639,FALSE,post,M1_a_M2_b,post
N,Homonymy,Homonymy,Homonymy,,0.295176446,0.096424758,FALSE,post,M1_b_M2_a,post
N,Homonymy,Homonymy,Homonymy,,0.404846311,0.108451903,FALSE,post,M1_b_M2_b,post
N,Homonymy,Homonymy,Homonymy,,0.205013216,0.096061766,TRUE,post,M2_a_M2_b,post